{"train_acc":0.9958699019101703,"epoch":149,"train_loss":0.20228133382536298,"_runtime":9,"_timestamp":1.7650317336604939e+09,"_wandb":{"runtime":9},"val_loss":1.3438494205474854,"val_acc":0.5428571428571428,"_step":149}