{"_wandb":{"runtime":27},"precision":0.031632653061224494,"val_loss":2.716223805291312,"val_acc":0.11428571428571428,"_step":1,"accuracy":0.11428571428571428,"recall":0.11428571428571428,"F1":0.04393939393939394,"_timestamp":1.7644439421052904e+09,"_runtime":27,"epoch":0,"train_acc":0.3205988642230253,"train_loss":2.1836917431131737}