{"_timestamp":1.7650310880428872e+09,"train_loss":0.09052722809560286,"val_loss":1.2490205075059617,"_step":19,"epoch":19,"train_acc":0.9994837377387713,"val_acc":0.5714285714285714,"_wandb":{"runtime":3},"_runtime":3}