{"epoch":0,"_timestamp":1.764344105792597e+09,"train_acc":0.10738255033557047,"val_loss":26.033639907836914,"_step":0,"train_loss":13.666215880851372,"val_acc":0.07142857142857142,"_wandb":{"runtime":115},"_runtime":115}