{"train_loss":0.009313005017415728,"_timestamp":1.7650425414740598e+09,"precision_t":0.6720238095238095,"recall_t":0.6,"epoch":24,"precision":0.6720238095238095,"val_acc":0.6,"_wandb":{"runtime":6},"_step":26,"_runtime":6,"accuracy":0.6,"accuracy_t":0.6,"F1":0.607109557109557,"train_acc":1,"F1_t":0.607109557109557,"recall":0.6,"val_loss":1.0937304971207464}