{"accuracy_t":0.7571428571428571,"train_loss":0.0058305686389980285,"_wandb":{"runtime":23},"val_loss":1.826055448103164,"recall":0.6857142857142857,"F1":0.6852532388246674,"recall_t":0.7571428571428571,"accuracy":0.6857142857142857,"val_acc":0.6142857142857143,"epoch":99,"_runtime":23,"_step":101,"train_acc":0.9979349509550852,"precision":0.7518424036281179,"F1_t":0.7506160506160506,"precision_t":0.7735544217687074,"_timestamp":1.7651178797230508e+09}