{"epoch":0,"_runtime":113,"_step":0,"val_acc":0.1,"val_loss":18.027612686157227,"_timestamp":1.7643442780708072e+09,"_wandb":{"runtime":113},"train_acc":0.10170366546205473,"train_loss":12.52814335421797}