{"recall":0.796875,"_wandb":{"runtime":351},"F1":0.7895359848484848,"epoch":24,"accuracy":0.796875,"val_acc":0.796875,"precision":0.8497023809523809,"train_acc":0.9166666666666666,"val_loss":0.5418710708618164,"_timestamp":1.7650388186221793e+09,"_runtime":351,"train_loss":0.2725276302546263,"_step":25}