{"train_loss":0.8537980290067276,"_timestamp":1.764371787176717e+09,"accuracy":0.45714285714285713,"_wandb":{"runtime":426},"_step":15,"recall":0.45714285714285713,"train_acc":0.8600929272070211,"_runtime":426,"precision":0.4914264828738512,"epoch":14,"F1":0.41131606488749345}