{"_step":25,"val_loss":0.6791101396083832,"accuracy":0.828125,"precision":0.8903645833333332,"val_acc":0.828125,"_timestamp":1.7650381837274342e+09,"_wandb":{"runtime":354},"train_loss":0.19114390642692644,"train_acc":0.9411458333333333,"epoch":24,"F1":0.8332882395382395,"recall":0.828125,"_runtime":354}