{"_wandb":{"runtime":115},"_timestamp":1.764344826568306e+09,"val_acc":0.1,"_step":0,"train_loss":13.50464127293923,"val_loss":15.86766529083252,"epoch":0,"_runtime":115,"train_acc":0.09602478058853897}