{"epoch":49,"_timestamp":1.765031513557942e+09,"val_loss":1.3360838285514287,"val_acc":0.6428571428571429,"train_loss":0.0600254457803596,"train_acc":0.9994837377387713,"_step":49,"_runtime":9,"_wandb":{"runtime":9}}