{"_runtime":210,"_timestamp":1.7644293803513963e+09,"accuracy":0.11428571428571428,"precision":0.0626008878127522,"epoch":14,"train_acc":0.6886938564790914,"val_loss":3.2255863530295237,"val_acc":0.11428571428571428,"recall":0.11428571428571428,"F1":0.057864010989010985,"_wandb":{"runtime":210},"_step":15,"train_loss":0.9672576668463113}