{"_wandb":{"runtime":4},"_runtime":4,"_timestamp":1.765018389288857e+09,"_step":29,"train_loss":0.0016348421311371526,"train_acc":1,"epoch":29}