{"train_loss":1.780175258033843,"train_acc":0.5085183273102736,"_wandb":{"runtime":134},"F1":0.2806372549019608,"_step":5,"precision":0.3604475881261595,"recall":0.3142857142857143,"accuracy":0.3142857142857143,"epoch":4,"_timestamp":1.7644283000517886e+09,"_runtime":134}