{"train_acc":0.8435725348477027,"val_loss":0.6417058241952743,"train_loss":0.46402612463924525,"precision":0.8558956916099772,"val_acc":0.8,"recall":0.8,"_wandb":{"runtime":334},"_step":25,"_runtime":334,"epoch":24,"_timestamp":1.7644402702212932e+09,"accuracy":0.8,"F1":0.7951092558235416}