{"train_acc":0.9411461022199277,"epoch":24,"accuracy":0.7857142857142857,"_wandb":{"runtime":1746},"_step":25,"val_acc":0.7857142857142857,"_timestamp":1.7644421582904482e+09,"precision":0.7886054421768707,"recall":0.7857142857142857,"_runtime":1746,"F1":0.7744588744588745,"train_loss":0.21597669379392356,"val_loss":0.5740447044372559}