{"_step":29,"epoch":29,"_timestamp":1.7650339507416403e+09,"val_acc":0.765625,"_wandb":{"runtime":623},"train_loss":0.2593993792931239,"train_acc":0.91875,"val_loss":0.9053899645805359,"_runtime":623}