{"F1":0.009523809523809523,"accuracy":0.07142857142857142,"precision":0.00510204081632653,"train_acc":0.6572018585441404,"epoch":4,"_step":5,"recall":0.07142857142857142,"_timestamp":1.764429097901778e+09,"_wandb":{"runtime":79},"_runtime":79,"train_loss":1.073171253849319}