{"val_acc":0.765625,"epoch":24,"train_loss":0.47859667787949245,"_runtime":441,"_step":24,"val_loss":0.7464073598384857,"_timestamp":1.765061015722922e+09,"train_acc":0.8552083333333333,"_wandb":{"runtime":441}}