{"train_loss":0.25369972884655,"_timestamp":1.765036495806218e+09,"accuracy":0.78125,"recall":0.78125,"F1":0.7878167839105339,"train_acc":0.9317708333333333,"_step":40,"_wandb":{"runtime":565},"precision":0.8321056547619048,"_runtime":565,"val_loss":0.6676320880651474,"val_acc":0.78125,"epoch":39}