{"recall":0.8142857142857143,"F1":0.8050298907441765,"_runtime":788,"train_loss":0.37724204186425114,"precision":0.8335034013605441,"_wandb":{"runtime":788},"_step":40,"val_loss":0.6365965144974844,"_timestamp":1.7644433042968776e+09,"epoch":39,"train_acc":0.8693856479091379,"val_acc":0.8142857142857143,"accuracy":0.8142857142857143}