{"train_loss":1.612649988869631,"train_acc":0.4950955085183273,"epoch":4,"_timestamp":1.7644254118763635e+09,"_step":4,"_wandb":{"runtime":62},"_runtime":62}