{"_step":49,"_runtime":10,"epoch":49,"train_acc":0.5942178626742385,"_timestamp":1.7650314788377604e+09,"train_loss":1.7501663781344798,"val_loss":2.111039846284049,"_wandb":{"runtime":10},"val_acc":0.4142857142857143}