{"train_loss":0.004035863509929604,"train_acc":1,"epoch":9,"_timestamp":1.7650301023117297e+09,"_step":9,"_wandb":{"runtime":2},"_runtime":2}