{"train_loss":0.021605948773806526,"train_acc":0.9974186886938565,"epoch":99,"_wandb":{"runtime":22},"_runtime":22,"_step":99,"val_acc":0.6142857142857143,"_timestamp":1.7650319891644511e+09,"val_loss":1.2053061409720354}