{"recall":0.453125,"precision_t":0.5524553571428571,"_timestamp":1.7650489860423646e+09,"F1":0.4566620445526695,"train_loss":1.5272639056046804,"recall_t":0.53125,"_wandb":{"runtime":657},"F1_t":0.5027560266530855,"val_acc":0.453125,"epoch":34,"train_acc":0.503125,"val_loss":1.7228131294250488,"precision":0.5146780303030303,"accuracy":0.453125,"_step":36,"_runtime":657,"accuracy_t":0.53125}