{"_wandb":{"runtime":360},"epoch":24,"recall_t":0.84375,"_timestamp":1.7650436232117634e+09,"precision_t":0.8641741071428571,"accuracy":0.78125,"train_acc":0.934375,"recall":0.78125,"accuracy_t":0.84375,"F1":0.7763742334054834,"val_loss":0.7995991110801697,"precision":0.818936011904762,"val_acc":0.78125,"_runtime":360,"_step":26,"train_loss":0.20902846716344356,"F1_t":0.8354020111832611}