{"val_loss":3.6388532161712646,"recall":0.2,"precision_t":0.10939625850340136,"precision":0.26825396825396824,"recall_t":0.14285714285714285,"train_loss":1.632631176885527,"_runtime":23,"accuracy_t":0.14285714285714285,"_wandb":{"runtime":23},"accuracy":0.2,"F1":0.21006605540767032,"F1_t":0.11806645735217164,"train_acc":0.43675787299948376,"val_acc":0.18571428571428572,"epoch":99,"_step":101,"_timestamp":1.7651169797774935e+09}