{"_runtime":349,"F1":0.7953914141414141,"val_acc":0.75,"val_loss":0.7348164021968842,"_timestamp":1.7651300315943978e+09,"accuracy":0.796875,"accuracy_t":0.84375,"epoch":24,"recall_t":0.84375,"F1_t":0.8364673520923521,"precision":0.8463541666666667,"_step":26,"train_loss":0.27494912017136813,"train_acc":0.9171875,"_wandb":{"runtime":349},"precision_t":0.8606770833333334,"recall":0.796875}