{"train_loss":0.017292428059562576,"val_loss":1.7568273352592119,"_step":99,"train_acc":0.9943211151264842,"_timestamp":1.7650322670924528e+09,"_runtime":23,"_wandb":{"runtime":23},"epoch":99,"val_acc":0.6142857142857143}