{"train_loss":0.004587277184419861,"train_acc":1,"epoch":9,"_timestamp":1.765030816546917e+09,"_wandb":{"runtime":2},"_runtime":2,"_step":9}