{"_wandb":{"runtime":784},"_timestamp":1.7650481361182935e+09,"val_acc":0.46875,"recall_t":0.546875,"accuracy_t":0.546875,"F1_t":0.48643613331113333,"train_acc":0.5036458333333333,"F1":0.46159136002886,"precision":0.5057043650793651,"accuracy":0.46875,"train_loss":1.5344274858633677,"_runtime":784,"_step":36,"epoch":34,"recall":0.46875,"val_loss":1.501637041568756,"precision_t":0.4955357142857143}