{"epoch":24,"_timestamp":1.7644393609491677e+09,"train_acc":0.8399586990191017,"recall":0.11428571428571428,"_wandb":{"runtime":330},"train_loss":0.4885402694152198,"val_loss":5.216150992257255,"val_acc":0.11428571428571428,"_step":25,"accuracy":0.11428571428571428,"_runtime":330,"precision":0.049783549783549784,"F1":0.04483763948929326}