{"F1":0.027582617746552174,"_step":5,"train_acc":0.6582343830665979,"epoch":4,"recall":0.1,"train_loss":1.0894636974300254,"precision":0.017366562009419155,"_runtime":343,"_wandb":{"runtime":343},"_timestamp":1.7644289406853724e+09,"accuracy":0.1}