{"epoch":39,"val_loss":0.9470477402210236,"accuracy":0.671875,"train_loss":0.9217527419328689,"F1":0.6869081439393939,"train_acc":0.7244791666666667,"precision":0.7158854166666666,"_step":40,"_runtime":572,"recall":0.671875,"_timestamp":1.7650358736572633e+09,"_wandb":{"runtime":572},"val_acc":0.671875}