{"_timestamp":1.7650621476361163e+09,"train_acc":0.8541666666666666,"epoch":24,"recall":0.84375,"val_acc":0.796875,"_wandb":{"runtime":360},"accuracy_t":0.859375,"recall_t":0.859375,"train_loss":0.4493721683820089,"precision_t":0.8876488095238094,"precision":0.8643973214285714,"F1":0.8452256944444444,"F1_t":0.8592960858585859,"accuracy":0.84375,"val_loss":0.6278500258922577,"_step":26,"_runtime":360}