{"train_loss":1.3256524099661138,"precision":0.354037629037629,"train_acc":0.5673722250903459,"epoch":19,"_timestamp":1.764364612798653e+09,"accuracy":0.3142857142857143,"_step":20,"recall":0.3142857142857143,"_wandb":{"runtime":579},"F1":0.26884920634920634,"_runtime":579}