{"val_loss":0.6891283988952637,"accuracy":0.7714285714285715,"_runtime":2370,"epoch":34,"_timestamp":1.7643374999488811e+09,"train_loss":0.3606565826691237,"train_acc":0.895198760970573,"_wandb":{"runtime":2370},"val_acc":0.8,"recall":0.7714285714285715,"precision":0.782482993197279,"F1":0.7643939393939393,"_step":35}