{"_timestamp":1.7643455595782778e+09,"F1":0.10964770523594053,"accuracy":0.15714285714285714,"train_loss":11.805327217789365,"val_loss":19.912918090820312,"val_acc":0.05714285714285714,"epoch":0,"recall":0.15714285714285714,"_runtime":116,"_step":1,"_wandb":{"runtime":116},"train_acc":0.10583376355188436,"precision":0.11037784679089026}