{"val_acc":0.6394230769230769,"epoch":29,"_runtime":5,"train_loss":0.006608591660294258,"_timestamp":1.7650166012142286e+09,"train_acc":1,"val_loss":1.2154945777012751,"_step":29,"_wandb":{"runtime":5}}