{"_runtime":3214,"accuracy":0.1,"precision":0.015064935064935068,"train_acc":0.7237996902426432,"_timestamp":1.7644327760245478e+09,"_step":25,"recall":0.1,"val_loss":3.9044277667999268,"epoch":24,"_wandb":{"runtime":3214},"val_acc":0.1,"train_loss":0.8978925035303871,"F1":0.025947521865889212}