{"recall":0.11428571428571428,"train_acc":0.9432111512648426,"val_loss":4.404966245378767,"val_acc":0.11428571428571428,"F1":0.06544323155618836,"_step":25,"precision":0.059106098579782794,"_wandb":{"runtime":588},"epoch":24,"_runtime":588,"accuracy":0.11428571428571428,"train_loss":0.19055135728128805,"_timestamp":1.7644355878490987e+09}