{"epoch":0,"accuracy":0.1,"_runtime":109,"precision":0.08353683353683354,"val_acc":0.07142857142857142,"recall":0.1,"F1":0.04385256927629808,"_wandb":{"runtime":109},"train_acc":0.08828084667010841,"_step":1,"train_loss":14.323598658847759,"val_loss":4.833008289337158,"_timestamp":1.7643458821289036e+09}