{"_wandb":{"runtime":109},"precision":0.12145691609977323,"train_loss":11.517114978262489,"recall":0.11428571428571428,"_timestamp":1.764341503258965e+09,"accuracy":0.11428571428571428,"_runtime":109,"val_acc":0.08571428571428572,"F1":0.06613137058101928,"_step":1,"train_acc":0.09241094475993805,"val_loss":78.45658111572266,"epoch":0}