{"epoch":99,"F1":0.11466450216450218,"_wandb":{"runtime":24},"train_acc":0.41300980898296336,"F1_t":0.05108225108225108,"_step":101,"precision_t":0.09761904761904762,"_runtime":24,"val_acc":0.05714285714285714,"recall":0.12857142857142856,"val_loss":3.2769471849714007,"recall_t":0.04285714285714286,"accuracy_t":0.04285714285714286,"train_loss":1.7231992951483226,"precision":0.12076719576719575,"_timestamp":1.7651150832107496e+09,"accuracy":0.12857142857142856}