{"recall":0.8125,"_timestamp":1.7650446853399096e+09,"_wandb":{"runtime":450},"recall_t":0.90625,"_step":26,"F1_t":0.8985558712121213,"val_loss":0.5157544910907745,"epoch":24,"accuracy_t":0.90625,"_runtime":450,"accuracy":0.8125,"precision":0.8344494047619048,"train_acc":0.8911458333333333,"F1":0.809084145021645,"precision_t":0.9130952380952382,"val_acc":0.8125,"train_loss":0.34645928541819254}