{"F1":0.5479735594397249,"train_acc":1,"_timestamp":1.764366002900921e+09,"precision":0.677891156462585,"_wandb":{"runtime":456},"recall":0.5571428571428572,"train_loss":0.0024339414514682007,"_runtime":456,"epoch":14,"_step":15,"accuracy":0.5571428571428572}