{"_timestamp":1.7644339610753012e+09,"recall":0.24285714285714285,"_runtime":439,"_step":25,"_wandb":{"runtime":439},"epoch":24,"accuracy":0.24285714285714285,"train_acc":0.9509550851832731,"train_loss":0.15937293872475686,"F1":0.2192892946652345,"precision":0.3865232579518294}