{"_runtime":429,"_step":15,"precision":0.6169398062255206,"train_acc":0.8611254517294786,"train_loss":0.8706695595597507,"epoch":14,"accuracy":0.5428571428571428,"_wandb":{"runtime":429},"_timestamp":1.7643671569576123e+09,"recall":0.5428571428571428,"F1":0.5267393320964749}