raw,mutual_info,pca_95
0.6494775254865617,0.5623378127896199,0.4453371177015756
