raw,mutual_info,pca_95
0.6494775254865617,0.5555989341983317,0.4362036607970342
