{"precision":0.6922619047619047,"recall":0.6428571428571429,"F1":0.6514457764457765,"accuracy":0.6428571428571429,"_wandb":{"runtime":13},"_timestamp":1.7650398834908586e+09,"_step":60,"val_acc":0.6428571428571429,"_runtime":13,"epoch":59,"train_loss":0.004540136395342971,"train_acc":0.9984512132163139,"val_loss":1.495142071481262}