{"precision":0.5850752422180994,"train_loss":0.0018050092251785772,"_step":60,"train_acc":1,"_runtime":13,"epoch":59,"_timestamp":1.7650389737541628e+09,"recall":0.4857142857142857,"val_acc":0.4857142857142857,"accuracy":0.4857142857142857,"F1":0.4869124922696352,"_wandb":{"runtime":13},"val_loss":2.049623784210001}