{"accuracy_t":0.5857142857142857,"val_loss":1.2874845671866622,"precision_t":0.6621315192743765,"accuracy":0.5857142857142857,"precision":0.6621315192743765,"train_loss":0.015108670505647445,"F1":0.5824056895485467,"recall":0.5857142857142857,"_step":26,"recall_t":0.5857142857142857,"F1_t":0.5824056895485467,"_wandb":{"runtime":6},"val_acc":0.5857142857142857,"_timestamp":1.7650457260347407e+09,"_runtime":6,"train_acc":1,"epoch":24}