{"train_acc":1,"val_acc":0.6,"epoch":49,"_runtime":9,"val_loss":1.3940392149346215,"_timestamp":1.7650314265147321e+09,"_step":49,"_wandb":{"runtime":9},"train_loss":0.03180880793819861}