{"epoch":4,"_timestamp":1.764427990019075e+09,"_step":4,"train_loss":1.790990891995723,"_wandb":{"runtime":127},"_runtime":127,"train_acc":0.5049044914816727}