{"_step":1,"val_acc":0.07142857142857142,"accuracy":0.07142857142857142,"train_loss":3.085841172862804,"precision":0.00510204081632653,"_runtime":28,"train_acc":0.0748580278781621,"val_loss":2.660736322402954,"_timestamp":1.764361919848893e+09,"recall":0.07142857142857142,"F1":0.009523809523809523,"epoch":0,"_wandb":{"runtime":28}}