{"_runtime":3,"epoch":19,"_timestamp":1.765030931506811e+09,"train_acc":1,"_step":19,"train_loss":0.09616488042909212,"val_loss":1.2108891963958741,"val_acc":0.6142857142857143,"_wandb":{"runtime":3}}