{"accuracy_t":0.11428571428571428,"F1_t":0.09784477427334569,"precision":0.08500566893424036,"epoch":99,"train_acc":0.41713990707279297,"F1":0.08722183613487962,"train_loss":1.7000865016823032,"val_acc":0.07142857142857142,"recall":0.1,"_wandb":{"runtime":23},"_timestamp":1.765116650196919e+09,"_step":101,"precision_t":0.09382086167800455,"recall_t":0.11428571428571428,"_runtime":23,"val_loss":3.8005705084119525,"accuracy":0.1}