{"epoch":19,"precision":0.727218278615794,"_wandb":{"runtime":615},"val_loss":1.6191126108169556,"val_acc":0.4714285714285714,"_runtime":615,"accuracy":0.4714285714285714,"train_loss":1.3491266821854866,"train_acc":0.5596282911719154,"recall":0.4714285714285714,"_step":20,"_timestamp":1.7643631695685925e+09,"F1":0.47547928262213973}