{"_timestamp":1.7643457314496348e+09,"precision":0.003968253968253968,"recall":0.04285714285714286,"train_loss":11.826946533889455,"val_loss":11.484800338745117,"_runtime":114,"_wandb":{"runtime":114},"accuracy":0.04285714285714286,"_step":1,"epoch":0,"train_acc":0.13216313887454828,"F1":0.007263922518159806,"val_acc":0.04285714285714286}