{"_runtime":34,"train_acc":0.9819308208569953,"_wandb":{"runtime":34},"_step":149,"val_acc":0.5714285714285714,"epoch":149,"val_loss":1.4206855778183256,"_timestamp":1.765031913105518e+09,"train_loss":0.18885092289563485}