{"val_acc":0.75,"_timestamp":1.7650296156066966e+09,"_step":19,"_wandb":{"runtime":262},"train_loss":0.5448892692724864,"_runtime":262,"val_loss":0.687861979007721,"train_acc":0.8197916666666667,"epoch":19}