{"_step":35,"precision":0.7936791383219954,"recall":0.7428571428571429,"_wandb":{"runtime":521},"loss":0.2650978486219524,"epoch":34,"accuracy":0.7428571428571429,"F1":0.7440967762396333,"_runtime":521,"train_accuracy":0.9204956117707795,"_timestamp":1.7642816696423726e+09}