{"precision":0.10025510204081634,"epoch":34,"_step":35,"_wandb":{"runtime":510},"loss":2.4933456736984607,"train_accuracy":0.15539494062983997,"_timestamp":1.764282686659552e+09,"accuracy":0.18571428571428572,"recall":0.18571428571428572,"F1":0.11409055425448868,"_runtime":510}