{"precision_t":0.09790249433106575,"_step":101,"train_acc":0.41404233350542075,"_runtime":23,"val_loss":4.5389539309910365,"recall_t":0.1,"_wandb":{"runtime":23},"val_acc":0.05714285714285714,"F1_t":0.09020013802622498,"_timestamp":1.7651167046231446e+09,"accuracy":0.15714285714285714,"precision":0.14740646258503398,"epoch":99,"recall":0.15714285714285714,"accuracy_t":0.1,"train_loss":1.6978004750481697,"F1":0.14773401201972633}