{"train_loss":0.29148471552376654,"_step":149,"_wandb":{"runtime":9},"_timestamp":1.765031586895219e+09,"val_acc":0.6142857142857143,"val_loss":1.3973989486694336,"_runtime":9,"epoch":149,"train_acc":0.9969024264326277}