{"F1":0.0729709201388889,"_runtime":398,"train_acc":0.9932291666666667,"_timestamp":1.7646013240144918e+09,"_wandb":{"runtime":398},"epoch":14,"recall":0.125,"precision":0.1238082627118644,"_step":15,"train_loss":0.05284672149767478,"accuracy":0.125}