{"F1":0.6509293657731158,"_wandb":{"runtime":38},"recall":0.65625,"_timestamp":1.7650412070035586e+09,"_step":3,"train_acc":0.5640625,"_runtime":38,"accuracy":0.65625,"precision":0.7666480654761904,"train_loss":1.3572415520747503,"epoch":2}