{"_step":25,"train_acc":0.8901041666666667,"epoch":24,"train_loss":0.3402781131366889,"accuracy":0.8125,"_runtime":354,"val_loss":0.6687451899051666,"_timestamp":1.7650377636554074e+09,"recall":0.8125,"F1":0.8139768217893218,"_wandb":{"runtime":354},"val_acc":0.8125,"precision":0.8472098214285714}