{"recall":0.6857142857142857,"F1":0.6578310578310578,"_wandb":{"runtime":685},"train_loss":0.3653536217193906,"val_loss":1.1024153590202332,"val_acc":0.7142857142857143,"_timestamp":1.764284187188457e+09,"_runtime":685,"_step":35,"epoch":34,"accuracy":0.6857142857142857,"train_acc":0.8853897780072276,"precision":0.6897108843537414}