{"train_acc":0.9208333333333333,"precision":0.6920572916666666,"_wandb":{"runtime":367},"train_loss":0.25886573555568854,"_step":15,"recall":0.65625,"epoch":14,"_runtime":367,"F1":0.6556104485791985,"accuracy":0.65625,"_timestamp":1.7646893041865647e+09}