{"recall":0.8125,"_wandb":{"runtime":349},"epoch":24,"train_acc":0.9026041666666667,"_runtime":349,"val_loss":0.5369566977024078,"val_acc":0.8125,"accuracy":0.8125,"_step":25,"_timestamp":1.7650369992412198e+09,"train_loss":0.30486124406258264,"F1":0.8166362283549784,"precision":0.8617931547619048}