{"epoch":14,"_step":15,"recall":0.35714285714285715,"_runtime":437,"_timestamp":1.7643666175503232e+09,"precision":0.4957955909636581,"_wandb":{"runtime":437},"train_acc":0.9700567888487351,"accuracy":0.35714285714285715,"F1":0.3117261045832474,"train_loss":0.43078423071042987}