{"accuracy":0.11428571428571428,"_wandb":{"runtime":13},"_timestamp":1.7644333975634253e+09,"_step":1,"train_acc":0.15487867836861124,"recall":0.11428571428571428,"F1":0.040749816221514336,"train_loss":3.3952953977934404,"epoch":0,"precision":0.030129551820728295,"_runtime":13}