{"train_acc":1,"_wandb":{"runtime":2},"_runtime":2,"epoch":9,"_timestamp":1.7650307712600663e+09,"_step":9,"train_loss":0.004636714929233031}