{"_step":19,"_wandb":{"runtime":1},"val_acc":0.5857142857142857,"_runtime":1,"epoch":19,"train_loss":0.8834427092330137,"val_loss":1.6941022872924805,"train_acc":0.9426948890036139,"_timestamp":1.765030980503657e+09}