{"F1":0.8068381271506272,"recall_t":0.875,"F1_t":0.87338226010101,"accuracy":0.796875,"_step":41,"accuracy_t":0.875,"val_loss":1.1019982695579529,"train_acc":0.8901041666666667,"precision":0.858798363095238,"_wandb":{"runtime":504},"precision_t":0.8922619047619048,"train_loss":0.33235978956023854,"_timestamp":1.7651213512078617e+09,"recall":0.796875,"val_acc":0.71875,"_runtime":504,"epoch":39}