{"val_loss":1.3007000127008983,"val_acc":0.5857142857142857,"train_acc":0.9969024264326277,"train_loss":0.13395280802548393,"_step":149,"_runtime":28,"epoch":149,"_timestamp":1.765031782288504e+09,"_wandb":{"runtime":28}}