{"_timestamp":1.764423256184739e+09,"accuracy":0.2857142857142857,"_runtime":157,"epoch":4,"recall":0.2857142857142857,"precision":0.3361111111111111,"F1":0.24956444521661914,"_wandb":{"runtime":157},"_step":5,"train_loss":1.7840830991732195,"train_acc":0.5193598347960764}