{"_step":29,"train_loss":0.0017396180289430227,"train_acc":1,"epoch":29,"_timestamp":1.7650204391692798e+09,"_wandb":{"runtime":4},"_runtime":4}