{"epoch":24,"train_acc":1,"_wandb":{"runtime":7},"precision_t":0.6208333333333333,"val_loss":1.3475755192871606,"F1_t":0.5656748013890871,"recall":0.5714285714285714,"_runtime":7,"_timestamp":1.7650432325663486e+09,"train_loss":0.006582224389146792,"_step":26,"accuracy_t":0.5714285714285714,"F1":0.5656748013890871,"accuracy":0.5714285714285714,"precision":0.6208333333333333,"val_acc":0.5714285714285714,"recall_t":0.5714285714285714}