{"train_acc":0.8125,"recall_t":0.1875,"accuracy":0.11770833333333333,"_step":4,"_runtime":12,"F1":0.05552601557836212,"precision_t":0.08601034382284382,"recall":0.11770833333333333,"accuracy_t":0.1875,"precision":0.05925045461854403,"train_loss":0.7788695394992828,"epoch":2,"F1_t":0.09281148538961038,"_wandb":{"runtime":12},"_timestamp":1.7650420368279757e+09}